{"cameraMode":{"drawMode":0,"name":"Shaded","section":"Shading Mode"},"sceneLighting":true,"audioPlay":false,"sceneViewState":{"showFog":false,"showMaterialUpdate":false,"showSkybox":true,"showFlares":false,"showImageEffects":false,"showParticleSystems":false},"in2DMode":false,"pivot":{"x":-1.808220624923706,"y":2.5112531185150148,"z":-2.7274858951568605},"rotation":{"x":0.2562393546104431,"y":0.2540326714515686,"z":-0.0702321007847786,"w":0.9304306507110596},"size":0.8660253882408142,"orthographic":false}