{"cameraMode":{"drawMode":0,"name":"Shaded","section":"Shading Mode"},"sceneLighting":true,"audioPlay":false,"sceneViewState":{"showFog":false,"showMaterialUpdate":false,"showSkybox":true,"showFlares":false,"showImageEffects":false,"showParticleSystems":false},"in2DMode":false,"pivot":{"x":0.9451560974121094,"y":-8.084924697875977,"z":7.538812637329102},"rotation":{"x":-0.4413551986217499,"y":-0.1628652960062027,"z":0.08163968473672867,"w":-0.8790072798728943},"size":9.47562313079834,"orthographic":false}