{"cameraMode":{"drawMode":0,"name":"Shaded","section":"Shading Mode"},"sceneLighting":true,"audioPlay":false,"sceneViewState":{"showFog":false,"showMaterialUpdate":false,"showSkybox":true,"showFlares":false,"showImageEffects":false,"showParticleSystems":false},"in2DMode":false,"pivot":{"x":-1.752497911453247,"y":2.0184378623962404,"z":-1.4462251663208008},"rotation":{"x":-0.2652158737182617,"y":-0.4750393033027649,"z":0.15248939394950868,"w":-0.8254693746566773},"size":4.7860589027404789,"orthographic":false}